"","Date","Flow_cms","doy"
"1",2013-05-01,0.966053704525743,121
"2",2013-05-02,0.987782779753011,122
"3",2013-05-03,6.19842418433708,123
"4",2013-05-04,8.93425479801416,124
"5",2013-05-05,28.2277921743137,125
"6",2013-05-06,27.401220817942,126
"7",2013-05-07,9.84870158232342,127
"8",2013-05-08,6.3124258668364,128
"9",2013-05-09,5.58064115687882,129
"10",2013-05-10,6.86500182965024,130
"11",2013-05-11,8.32072554101649,131
"12",2013-05-12,10.971086482041,132
"13",2013-05-13,19.5590589581511,133
"14",2013-05-14,17.8260040943327,134
"15",2013-05-15,19.4230113346654,135
"16",2013-05-16,29.5916005393297,136
"17",2013-05-17,12.3164877520556,137
"18",2013-05-18,10.34972882416,138
"19",2013-05-19,11.457406068176,139
"20",2013-05-20,13.236503550673,140
"21",2013-05-21,5.99630926886465,141
"22",2013-05-22,4.80508706883394,142
"23",2013-05-23,5.29154742002452,143
"24",2013-05-24,5.63911285339397,144
"25",2013-05-25,6.99447741805207,145
"26",2013-05-26,8.45792150101867,146
"27",2013-05-27,8.99992638716964,147
"28",2013-05-28,10.7950832574372,148
"29",2013-05-29,12.9959261641157,149
"30",2013-05-30,14.6025313629341,150
"31",2013-05-31,13.465429738504,151
"32",2013-06-01,10.8288540703601,152
"33",2013-06-02,21.0548199223627,153
"34",2013-06-03,13.2291209781097,154
"35",2013-06-04,7.43608407595023,155
"36",2013-06-05,10.1729112584066,156
"37",2013-06-06,12.7151563086325,157
"38",2013-06-07,11.9671215976157,158
"39",2013-06-08,8.55762688324338,159
"40",2013-06-09,7.83045458157632,160
"41",2013-06-10,6.63457103719455,161
"42",2013-06-11,7.65613692823708,162
"43",2013-06-12,9.32553583212212,163
"44",2013-06-13,9.96209353697185,164
"45",2013-06-14,9.19731112594848,165
"46",2013-06-15,6.67602791444831,166
"47",2013-06-16,7.38254502257978,167
"48",2013-06-17,10.4235888154229,168
"49",2013-06-18,10.8556897927048,169
"50",2013-06-19,10.3598469857121,170
"51",2013-06-20,9.4386517075983,171
"52",2013-06-21,9.55231487056646,172
"53",2013-06-22,8.36561959633393,173
"54",2013-06-23,8.30734121170419,174
"55",2013-06-24,7.11931104639163,175
"56",2013-06-25,6.45452477860614,176
"57",2013-06-26,8.31338682936729,177
"58",2013-06-27,7.75722719248338,178
"59",2013-06-28,7.37030279967736,179
"60",2013-06-29,6.58828205932541,180
"61",2013-06-30,5.22502371829545,181
"62",2013-07-01,5.0764816762205,182
"63",2013-07-02,5.74842538211431,183
"64",2013-07-03,16.1416145058624,184
"65",2013-07-04,14.2270559063045,185
"66",2013-07-05,9.74305474408284,186
"67",2013-07-06,5.92014150623145,187
"68",2013-07-07,4.48975017768791,188
"69",2013-07-08,3.80803588957128,189
"70",2013-07-09,9.99072916417345,190
"71",2013-07-10,24.8018886285789,191
"72",2013-07-11,9.075882597364,192
"73",2013-07-12,5.48092081934063,193
"74",2013-07-13,4.34084796455185,194
"75",2013-07-14,4.04951060259008,195
"76",2013-07-15,3.84626038219392,196
"77",2013-07-16,3.53834178291243,197
"78",2013-07-17,3.51248659749947,198
"79",2013-07-18,4.08618640424017,199
"80",2013-07-19,4.38763929408087,200
"81",2013-07-20,3.56477673552534,201
"82",2013-07-21,3.29936323469433,202
"83",2013-07-22,8.75447760077854,203
"84",2013-07-23,10.3661683657487,204
"85",2013-07-24,4.99192422979537,205
"86",2013-07-25,4.49158601958261,206
"87",2013-07-26,4.09547284095115,207
"88",2013-07-27,3.70994421349202,208
"89",2013-07-28,3.32734808183729,209
"90",2013-07-29,3.25297916918015,210
"91",2013-07-30,3.66653197639712,211
"92",2013-07-31,3.85966697354379,212
"93",2013-08-01,3.80718499213189,213
"94",2013-08-02,3.54287243130791,214
"95",2013-08-03,3.28980857975422,215
"96",2013-08-04,3.11500574856695,216
"97",2013-08-05,2.99734921925699,217
"98",2013-08-06,3.16302086023742,218
"99",2013-08-07,3.06285170526203,219
"100",2013-08-08,2.6023983555,220
"101",2013-08-09,2.6605220526353,221
"102",2013-08-10,4.09597433715007,222
"103",2013-08-11,2.73542379312806,223
"104",2013-08-12,2.28678594753882,224
"105",2013-08-13,2.30260147666429,225
"106",2013-08-14,2.40218597725066,226
"107",2013-08-15,2.435456659834,227
"108",2013-08-16,2.27414373633432,228
"109",2013-08-17,3.49988260654713,229
"110",2013-08-18,3.95895078023521,230
"111",2013-08-19,19.2161226424514,231
"112",2013-08-20,12.4820212094536,232
"113",2013-08-21,5.35048417137585,233
"114",2013-08-22,4.31986139976339,234
"115",2013-08-23,3.23700512174353,235
"116",2013-08-24,2.59513326585257,236
"117",2013-08-25,3.33297382172805,237
"118",2013-08-26,5.32268177560476,238
"119",2013-08-27,4.16317665548828,239
"120",2013-08-28,3.45558851308526,240
"121",2013-08-29,2.72619314327677,241
"122",2013-08-30,2.17091837815145,242
"123",2013-08-31,2.0692948388402,243
"124",2013-09-01,3.99045308003575,244
"125",2013-09-02,27.0208700080684,245
"126",2013-09-03,10.7629543005397,246
"127",2013-09-04,4.72662386062885,247
"128",2013-09-05,8.46546816873535,248
"129",2013-09-06,20.8440286205001,249
"130",2013-09-07,7.03331990236375,250
"131",2013-09-08,6.94854207635353,251
"132",2013-09-09,14.4859132694964,252
"133",2013-09-10,6.77190706275124,253
"134",2013-09-11,3.95737550152722,254
"135",2013-09-12,4.41125235133536,255
"136",2013-09-13,4.18152765048769,256
"137",2013-09-14,3.07552719014722,257
"138",2013-09-15,2.51637071468858,258
"139",2013-09-16,2.06448776009408,259
"140",2013-09-17,2.61068343650355,260
"141",2013-09-18,3.70391026551544,261
"142",2013-09-19,7.2872069386443,262
"143",2013-09-20,10.3207909679926,263
"144",2013-09-21,11.9375176212197,264
"145",2013-09-22,48.520345411377,265
"146",2013-09-23,9.97348088914763,266
"147",2013-09-24,5.77788337132246,267
"148",2013-09-25,4.05439845827917,268
"149",2013-09-26,2.79984433401795,269
"150",2013-09-27,3.50188549248018,270
"151",2013-09-28,6.59680114016563,271
"152",2013-09-29,3.95957496853194,272
"153",2013-09-30,2.80302449613786,273
"154",2013-10-01,2.39639499306993,274
"155",2013-10-02,2.17290667434012,275
"156",2013-10-03,2.2256010446923,276
"157",2013-10-04,1.88195023967396,277
"158",2013-10-05,4.9355583138233,278
"159",2013-10-06,11.278617095723,279
"160",2013-10-07,4.44435344362529,280
"161",2013-10-08,2.73044322474563,281
"162",2013-10-09,2.14448496695131,282
"163",2013-10-10,17.1517496477123,283
"164",2013-10-11,9.8022985909366,284
"165",2013-10-12,7.88321806935015,285
"166",2013-10-13,5.95528065502198,286
"167",2013-10-14,4.02319895143811,287
"168",2013-10-15,38.2293983114669,288
"169",2013-10-16,11.1180160422667,289
"170",2013-10-17,5.87954788317732,290
"171",2013-10-18,4.37925080925227,291
"172",2013-10-19,3.45397655832296,292
"173",2013-10-20,5.2506421730565,293
"174",2013-10-21,21.9728601913971,294
"175",2013-10-22,23.7883934236994,295
"176",2013-10-23,5.23159853189678,296
"177",2013-10-24,6.94086163177,297
"178",2013-10-25,15.8760325573958,298
"179",2013-10-26,3.30748037320137,299
"180",2013-10-27,13.8738583153402,300
"181",2013-10-28,4.43574101334002,301
"182",2013-10-29,3.30387309973343,302
"183",2013-10-30,2.98720533921199,303
"184",2013-10-31,2.88603110861037,304
"185",2014-05-01,2.2750258250168,121
"186",2014-05-02,2.25857494942391,122
"187",2014-05-03,2.8941226995272,123
"188",2014-05-04,3.08836338240827,124
"189",2014-05-05,2.65642792288318,125
"190",2014-05-06,2.45162164381971,126
"191",2014-05-07,2.55431091518096,127
"192",2014-05-08,2.47897942783605,128
"193",2014-05-09,2.5404519209821,129
"194",2014-05-10,2.69085612801893,130
"195",2014-05-11,3.19543127839507,131
"196",2014-05-12,3.91673032689922,132
"197",2014-05-13,3.89792391582721,133
"198",2014-05-14,3.81229771492007,134
"199",2014-05-15,4.46434543044158,135
"200",2014-05-16,3.79735742684288,136
"201",2014-05-17,3.98214409524287,137
"202",2014-05-18,3.85316314518606,138
"203",2014-05-19,3.6663558372024,139
"204",2014-05-20,3.39723756890044,140
"205",2014-05-21,8.44613503593586,141
"206",2014-05-22,4.13260493863053,142
"207",2014-05-23,3.53144838389295,143
"208",2014-05-24,3.13438850097247,144
"209",2014-05-25,2.82562897636832,145
"210",2014-05-26,2.46948166864216,146
"211",2014-05-27,2.422930807848,147
"212",2014-05-28,2.37603054712176,148
"213",2014-05-29,2.05850900769054,149
"214",2014-05-30,1.87168859127348,150
"215",2014-05-31,1.80214192197448,151
"216",2014-06-01,2.59303784556939,152
"217",2014-06-02,2.96913190763921,153
"218",2014-06-03,2.21810371850044,154
"219",2014-06-04,2.31489977885387,155
"220",2014-06-05,2.47308488456646,156
"221",2014-06-06,2.21805794687825,157
"222",2014-06-07,2.06533002892438,158
"223",2014-06-08,2.19541453885518,159
"224",2014-06-09,5.60681150279127,160
"225",2014-06-10,8.85494292088378,161
"226",2014-06-11,5.01728295080368,162
"227",2014-06-12,3.18145506471234,163
"228",2014-06-13,2.60618443660206,164
"229",2014-06-14,2.25917099990226,165
"230",2014-06-15,2.93920009107641,166
"231",2014-06-16,3.31412173638707,167
"232",2014-06-17,2.49716169777695,168
"233",2014-06-18,3.11646525002092,169
"234",2014-06-19,4.4456537980316,170
"235",2014-06-20,2.98437443348686,171
"236",2014-06-21,2.8002449883406,172
"237",2014-06-22,5.5127984235907,173
"238",2014-06-23,3.07145920595865,174
"239",2014-06-24,4.28161361973689,175
"240",2014-06-25,4.67927605713268,176
"241",2014-06-26,11.4261703121366,177
"242",2014-06-27,5.5696495252472,178
"243",2014-06-28,3.46439672859963,179
"244",2014-06-29,3.05785650613208,180
"245",2014-06-30,2.79386702649389,181
"246",2014-07-01,2.64842622048241,182
"247",2014-07-02,2.71074902256169,183
"248",2014-07-03,2.36872592087901,184
"249",2014-07-04,2.90537582646677,185
"250",2014-07-05,3.80507408338566,186
"251",2014-07-06,3.54357764990709,187
"252",2014-07-07,2.93185115794075,188
"253",2014-07-08,2.62300610972997,189
"254",2014-07-09,8.45542935555895,190
"255",2014-07-10,6.77078520790931,191
"256",2014-07-11,3.53025925120619,192
"257",2014-07-12,2.73541779154682,193
"258",2014-07-13,14.1216063503291,194
"259",2014-07-14,13.4406956784399,195
"260",2014-07-15,8.58337743276273,196
"261",2014-07-16,5.70591241454688,197
"262",2014-07-17,3.65431137428467,198
"263",2014-07-18,2.74245063002599,199
"264",2014-07-19,2.35001381511404,200
"265",2014-07-20,2.2517965945481,201
"266",2014-07-21,2.12103200866971,202
"267",2014-07-22,2.4073275256705,203
"268",2014-07-23,2.11973513839585,204
"269",2014-07-24,2.10805831715462,205
"270",2014-07-25,1.90455615849671,206
"271",2014-07-26,3.68213923732068,207
"272",2014-07-27,5.76326732284272,208
"273",2014-07-28,5.77178123200226,209
"274",2014-07-29,3.82897495404129,210
"275",2014-07-30,3.87142638336912,211
"276",2014-07-31,6.50022662734086,212
"277",2014-08-01,3.46672803969756,213
"278",2014-08-02,2.58618457756901,214
"279",2014-08-03,2.28608439435482,215
"280",2014-08-04,2.11969107415344,216
"281",2014-08-05,2.0913153645843,217
"282",2014-08-06,2.1356125813372,218
"283",2014-08-07,1.83845032331627,219
"284",2014-08-08,2.2385105435698,220
"285",2014-08-09,1.7740345285174,221
"286",2014-08-10,2.8757699939438,222
"287",2014-08-11,19.8297297416836,223
"288",2014-08-12,14.114497700595,224
"289",2014-08-13,8.39501979678585,225
"290",2014-08-14,4.52345199236343,226
"291",2014-08-15,6.22425105425547,227
"292",2014-08-16,7.1047632496883,228
"293",2014-08-17,6.27832565680506,229
"294",2014-08-18,6.28242354869803,230
"295",2014-08-19,11.2713895367148,231
"296",2014-08-20,4.76981825970727,232
"297",2014-08-21,3.2369651969846,233
"298",2014-08-22,2.63788886773597,234
"299",2014-08-23,2.33186376971707,235
"300",2014-08-24,2.20335258301828,236
"301",2014-08-25,1.9412889812292,237
"302",2014-08-26,2.36410199805124,238
"303",2014-08-27,2.61436970962923,239
"304",2014-08-28,2.81638930460642,240
"305",2014-08-29,2.28216498487398,241
"306",2014-08-30,2.29146149878511,242
"307",2014-08-31,2.67890763562564,243
"308",2014-09-01,2.73298494799596,244
"309",2014-09-02,5.59977226169048,245
"310",2014-09-03,3.84807412145042,246
"311",2014-09-04,3.06408188204555,247
"312",2014-09-05,4.52897272415055,248
"313",2014-09-06,5.3474251913401,249
"314",2014-09-07,4.13238471451035,250
"315",2014-09-08,9.38506612471952,251
"316",2014-09-09,5.594349115874,252
"317",2014-09-10,2.89109195245037,253
"318",2014-09-11,2.34537308156766,254
"319",2014-09-12,2.52312152945767,255
"320",2014-09-13,2.37570897089124,256
"321",2014-09-14,2.23571236982689,257
"322",2014-09-15,2.14058678086287,258
"323",2014-09-16,1.8770387086005,259
"324",2014-09-17,2.11905433911713,260
"325",2014-09-18,2.10758527753082,261
"326",2014-09-19,1.80321021950033,262
"327",2014-09-20,4.65365685382539,263
"328",2014-09-21,4.92547653001184,264
"329",2014-09-22,7.06409580359678,265
"330",2014-09-23,5.54118642305541,266
"331",2014-09-24,5.20097288714103,267
"332",2014-09-25,2.93763829006036,268
"333",2014-09-26,2.47086026321659,269
"334",2014-09-27,2.35060524475832,270
"335",2014-09-28,2.3681733654896,271
"336",2014-09-29,7.2060823753096,272
"337",2014-09-30,6.26478122697118,273
"338",2014-10-01,3.95945845935958,274
"339",2014-10-02,3.99174371348715,275
"340",2014-10-03,2.32821821675083,276
"341",2014-10-04,2.75406546176155,277
"342",2014-10-05,6.39607044713375,278
"343",2014-10-06,4.08252509092944,279
"344",2014-10-07,4.36655305254858,280
"345",2014-10-08,2.93897119287251,281
"346",2014-10-09,2.6115621329892,282
"347",2014-10-10,2.39528018364749,283
"348",2014-10-11,6.08709252857622,284
"349",2014-10-12,10.3865623868113,285
"350",2014-10-13,6.96742006108802,286
"351",2014-10-14,6.45580022705713,287
"352",2014-10-15,3.98438058280552,288
"353",2014-10-16,2.90449506862881,289
"354",2014-10-17,2.46146804270505,290
"355",2014-10-18,2.21028182948903,291
"356",2014-10-19,2.24669769291942,292
"357",2014-10-20,2.66957556220256,293
"358",2014-10-21,6.58916807952378,294
"359",2014-10-22,5.89629509476788,295
"360",2014-10-23,2.98932482565822,296
"361",2014-10-24,2.31376063985833,297
"362",2014-10-25,2.14798794076243,298
"363",2014-10-26,1.94253416811053,299
"364",2014-10-27,1.67149416099091,300
"365",2014-10-28,1.9010145158228,301
"366",2014-10-29,1.7385019348356,302
"367",2014-10-30,1.60007043595191,303
"368",2014-10-31,1.57946646046991,304
"369",2015-05-01,2.02826696384198,121
"370",2015-05-02,1.91221688223059,122
"371",2015-05-03,1.7961520240529,123
"372",2015-05-04,1.47928253960777,124
"373",2015-05-05,1.42632072239979,125
"374",2015-05-06,1.37468292475226,126
"375",2015-05-07,1.35036252993428,127
"376",2015-05-08,1.36378211097862,128
"377",2015-05-09,1.46392584986627,129
"378",2015-05-10,2.10559411514994,130
"379",2015-05-11,3.20963646481032,131
"380",2015-05-12,2.45448634400725,132
"381",2015-05-13,2.46015201066688,133
"382",2015-05-14,2.63351766621253,134
"383",2015-05-15,3.00953251860658,135
"384",2015-05-16,3.04886786929212,136
"385",2015-05-17,3.0383105452279,137
"386",2015-05-18,3.03159492564843,138
"387",2015-05-19,3.20499298055382,139
"388",2015-05-20,3.47760770177643,140
"389",2015-05-21,3.4643831849673,141
"390",2015-05-22,3.36356362690357,142
"391",2015-05-23,3.42306212552648,143
"392",2015-05-24,3.54667178621396,144
"393",2015-05-25,3.27833921815592,145
"394",2015-05-26,2.83923186358678,146
"395",2015-05-27,2.68153141002255,147
"396",2015-05-28,2.75261599560154,148
"397",2015-05-29,2.68247459036398,149
"398",2015-05-30,2.69016027964876,150
"399",2015-05-31,2.76524347219815,151
"400",2015-06-01,2.79761287098099,152
"401",2015-06-02,2.63859585699656,153
"402",2015-06-03,2.63992937360223,154
"403",2015-06-04,2.6538955684279,155
"404",2015-06-05,2.89561442812129,156
"405",2015-06-06,3.86073527359503,157
"406",2015-06-07,3.30728474581031,158
"407",2015-06-08,3.48490081175208,159
"408",2015-06-09,3.18430242780928,160
"409",2015-06-10,2.36881453312191,161
"410",2015-06-11,2.06923655713198,162
"411",2015-06-12,3.63466898026106,163
"412",2015-06-13,2.81199721651966,164
"413",2015-06-14,2.10514625809856,165
"414",2015-06-15,2.28721741808743,166
"415",2015-06-16,2.92998441233235,167
"416",2015-06-17,3.01111609900799,168
"417",2015-06-18,2.59577494059248,169
"418",2015-06-19,2.14100069323345,170
"419",2015-06-20,2.10375012666423,171
"420",2015-06-21,2.04711317213105,172
"421",2015-06-22,1.97831837110925,173
"422",2015-06-23,1.99899252916589,174
"423",2015-06-24,2.05732104296323,175
"424",2015-06-25,2.10084980299335,176
"425",2015-06-26,2.08515833505502,177
"426",2015-06-27,4.67794095151655,178
"427",2015-06-28,3.29722368211571,179
"428",2015-06-29,2.29555155849182,180
"429",2015-06-30,4.15059880528454,181
"430",2015-07-01,3.89088605711262,182
"431",2015-07-02,2.34651462508918,183
"432",2015-07-03,3.73024374213378,184
"433",2015-07-04,8.6285680544426,185
"434",2015-07-05,3.52944062144925,186
"435",2015-07-06,2.82588281078246,187
"436",2015-07-07,2.63937571307411,188
"437",2015-07-08,2.5970166214618,189
"438",2015-07-09,2.53668553834865,190
"439",2015-07-10,4.51162963636178,191
"440",2015-07-11,3.08516777523151,192
"441",2015-07-12,3.43681764171321,193
"442",2015-07-13,3.86713560566575,194
"443",2015-07-14,6.76883371280083,195
"444",2015-07-15,7.59048740727012,196
"445",2015-07-16,8.62682939903086,197
"446",2015-07-17,5.25317120918311,198
"447",2015-07-18,3.9944898537445,199
"448",2015-07-19,6.09155485767645,200
"449",2015-07-20,3.59758332753619,201
"450",2015-07-21,3.98167879491081,202
"451",2015-07-22,3.0836612702106,203
"452",2015-07-23,2.67587031233703,204
"453",2015-07-24,2.7321851677572,205
"454",2015-07-25,7.43657858388527,206
"455",2015-07-26,3.24051883515347,207
"456",2015-07-27,2.63347938284687,208
"457",2015-07-28,5.58820387353634,209
"458",2015-07-29,10.1632027178642,210
"459",2015-07-30,7.63042604564393,211
"460",2015-07-31,6.26141645060052,212
"461",2015-08-01,4.48859900299032,213
"462",2015-08-02,4.00205402418227,214
"463",2015-08-03,3.50329814899629,215
"464",2015-08-04,2.99237879809944,216
"465",2015-08-05,2.76830509828074,217
"466",2015-08-06,2.71569311265003,218
"467",2015-08-07,2.38202200864149,219
"468",2015-08-08,2.35815203105279,220
"469",2015-08-09,2.18531552566117,221
"470",2015-08-10,2.0888450737985,222
"471",2015-08-11,2.17337837084249,223
"472",2015-08-12,5.57430126856504,224
"473",2015-08-13,8.09407836909722,225
"474",2015-08-14,6.96911190299551,226
"475",2015-08-15,3.08938104249428,227
"476",2015-08-16,2.55238926229947,228
"477",2015-08-17,2.32958337908747,229
"478",2015-08-18,2.50005867199763,230
"479",2015-08-19,9.82433819265816,231
"480",2015-08-20,6.89537170981989,232
"481",2015-08-21,5.47641016726148,233
"482",2015-08-22,4.18787175688808,234
"483",2015-08-23,4.48820590445169,235
"484",2015-08-24,5.27425803573185,236
"485",2015-08-25,9.74916851533107,237
"486",2015-08-26,4.24644906372056,238
"487",2015-08-27,3.13223104931368,239
"488",2015-08-28,3.57909651080041,240
"489",2015-08-29,16.2137717204924,241
"490",2015-08-30,0,242
"491",2015-08-31,0,243
"492",2015-09-01,0,244
"493",2015-09-02,0,245
"494",2015-09-03,0,246
"495",2015-09-04,0,247
"496",2015-09-05,0,248
"497",2015-09-06,0,249
"498",2015-09-07,0,250
"499",2015-09-08,0,251
"500",2015-09-09,0,252
"501",2015-09-10,2.3049785437211,253
"502",2015-09-11,8.43302892892184,254
"503",2015-09-12,20.6293631759669,255
"504",2015-09-13,5.62204283916065,256
"505",2015-09-14,4.4670924544466,257
"506",2015-09-15,3.24968389223228,258
"507",2015-09-16,4.41307212494578,259
"508",2015-09-17,7.97206421001307,260
"509",2015-09-18,14.2382403458583,261
"510",2015-09-19,15.9473700191815,262
"511",2015-09-20,6.63066171544082,263
"512",2015-09-21,5.7730282964987,264
"513",2015-09-22,4.57257880040036,265
"514",2015-09-23,3.82713392343046,266
"515",2015-09-24,2.98872434283568,267
"516",2015-09-25,2.62543644502997,268
"517",2015-09-26,2.3263513196982,269
"518",2015-09-27,2.31586867509483,270
"519",2015-09-28,3.05153756199278,271
"520",2015-09-29,6.5872827269923,272
"521",2015-09-30,10.6641210770889,273
"522",2015-10-01,10.5171631175578,274
"523",2015-10-02,4.47825083365457,275
"524",2015-10-03,3.08607166602526,276
"525",2015-10-04,2.55756087850264,277
"526",2015-10-05,2.35872797163874,278
"527",2015-10-06,2.03981234813981,279
"528",2015-10-07,1.89308625423911,280
"529",2015-10-08,1.93151198107034,281
"530",2015-10-09,2.11444562356116,282
"531",2015-10-10,3.03270855712706,283
"532",2015-10-11,4.38034005810229,284
"533",2015-10-12,2.6776701865278,285
"534",2015-10-13,2.77421419948091,286
"535",2015-10-14,4.98527341825248,287
"536",2015-10-15,5.49289661940973,288
"537",2015-10-16,2.95565848556543,289
"538",2015-10-17,3.25002309626351,290
"539",2015-10-18,3.98505525205465,291
"540",2015-10-19,7.44561204061708,292
"541",2015-10-20,6.68136768715437,293
"542",2015-10-21,3.91780147560897,294
"543",2015-10-22,5.30835918483349,295
"544",2015-10-23,7.50248446013333,296
"545",2015-10-24,10.8005449061396,297
"546",2015-10-25,5.05480862160775,298
"547",2015-10-26,3.26920459646225,299
"548",2015-10-27,2.55995245886464,300
"549",2015-10-28,2.20749740391583,301
"550",2015-10-29,2.18514168717028,302
"551",2015-10-30,2.76567230035978,303
"552",2015-10-31,3.19016268652464,304
"553",2016-05-01,2.3774931584902,122
"554",2016-05-02,2.27202035669141,123
"555",2016-05-03,7.96530552834775,124
"556",2016-05-04,6.19361795463033,125
"557",2016-05-05,3.17517492144134,126
"558",2016-05-06,4.06919571582849,127
"559",2016-05-07,7.32938464531748,128
"560",2016-05-08,9.81086231979906,129
"561",2016-05-09,4.8811236302277,130
"562",2016-05-10,3.23877394873455,131
"563",2016-05-11,2.77839989828421,132
"564",2016-05-12,2.87411967386768,133
"565",2016-05-13,3.21708172458446,134
"566",2016-05-14,3.43044213471561,135
"567",2016-05-15,0,136
"568",2016-05-16,0,137
"569",2016-05-17,4.82594614984581,138
"570",2016-05-18,3.91423366552827,139
"571",2016-05-19,3.19441325294193,140
"572",2016-05-20,2.66100890065749,141
"573",2016-05-21,2.78643866115942,142
"574",2016-05-22,2.9731725587547,143
"575",2016-05-23,0,144
"576",2016-05-24,2.49866613222646,145
"577",2016-05-25,2.48621003899338,146
"578",2016-05-26,2.1858108116311,147
"579",2016-05-27,2.05051129539286,148
"580",2016-05-28,2.07931196433429,149
"581",2016-05-29,2.24371679047308,150
"582",2016-05-30,2.40999237681236,151
"583",2016-05-31,2.35421461714612,152
"584",2016-06-01,2.49653644157831,153
"585",2016-06-02,2.41229631356523,154
"586",2016-06-03,3.17899261978411,155
"587",2016-06-04,2.81490831959922,156
"588",2016-06-05,6.3227011990966,157
"589",2016-06-06,4.19275170465677,158
"590",2016-06-07,6.349811149837,159
"591",2016-06-08,4.12434315256268,160
"592",2016-06-09,3.168546652197,161
"593",2016-06-10,2.97590868475291,162
"594",2016-06-11,3.0452940312119,163
"595",2016-06-12,2.65065341231754,164
"596",2016-06-13,3.3639657057548,165
"597",2016-06-14,5.1366385613687,166
"598",2016-06-15,3.2350496028005,167
"599",2016-06-16,2.67137491810391,168
"600",2016-06-17,3.12046086568661,169
"601",2016-06-18,3.10242218705713,170
"602",2016-06-19,2.58967606983104,171
"603",2016-06-20,2.32882655518307,172
"604",2016-06-21,2.1628386630159,173
"605",2016-06-22,2.16935291094587,174
"606",2016-06-23,2.32693991367512,175
"607",2016-06-24,2.39390784705062,176
"608",2016-06-25,2.37481953830831,177
"609",2016-06-26,2.59514873507649,178
"610",2016-06-27,3.42053658885989,179
"611",2016-06-28,3.00341445913575,180
"612",2016-06-29,2.58584429799737,181
"613",2016-06-30,2.40309070371851,182
"614",2016-07-01,3.33556016689863,183
"615",2016-07-02,3.0790101777955,184
"616",2016-07-03,5.26357307074034,185
"617",2016-07-04,3.1740779614738,186
"618",2016-07-05,2.2974158409214,187
"619",2016-07-06,2.04471601726513,188
"620",2016-07-07,1.90923760293085,189
"621",2016-07-08,1.89841478304658,190
"622",2016-07-09,1.93155765195151,191
"623",2016-07-10,2.17736824847362,192
"624",2016-07-11,2.08790582927602,193
"625",2016-07-12,1.91328252290416,194
"626",2016-07-13,1.76132190098717,195
"627",2016-07-14,1.86251874857301,196
"628",2016-07-15,1.75104609968508,197
"629",2016-07-16,1.78419567502041,198
"630",2016-07-17,1.77663364623962,199
"631",2016-07-18,1.7802639067087,200
"632",2016-07-19,1.7979324217198,201
"633",2016-07-20,1.84078024360847,202
"634",2016-07-21,1.66704161810735,203
"635",2016-07-22,1.55548188559157,204
"636",2016-07-23,2.15120507329575,205
"637",2016-07-24,5.20427518645293,206
"638",2016-07-25,7.41099737415866,207
"639",2016-07-26,7.73831424701382,208
"640",2016-07-27,4.77110087126328,209
"641",2016-07-28,7.55755701193743,210
"642",2016-07-29,14.856777077845,211
"643",2016-07-30,5.69659087919359,212
"644",2016-07-31,3.72836290985318,213
"645",2016-08-01,2.7129424636013,214
"646",2016-08-02,2.30676312366182,215
"647",2016-08-03,2.04952259432973,216
"648",2016-08-04,2.60365161454728,217
"649",2016-08-05,2.84559976290693,218
"650",2016-08-06,2.06609799644079,219
"651",2016-08-07,1.92105092918132,220
"652",2016-08-08,1.89363464422744,221
"653",2016-08-09,1.8319803311923,222
"654",2016-08-10,3.7995979997168,223
"655",2016-08-11,3.05330555664854,224
"656",2016-08-12,3.94202264020008,225
"657",2016-08-13,3.91590240698036,226
"658",2016-08-14,3.94470889773321,227
"659",2016-08-15,6.85638650475263,228
"660",2016-08-16,5.7126573749408,229
"661",2016-08-17,4.31970475107046,230
"662",2016-08-18,2.94247376837359,231
"663",2016-08-19,2.42856207891995,232
"664",2016-08-20,4.24126952514204,233
"665",2016-08-21,2.66268261086862,234
"666",2016-08-22,2.03611120900314,235
"667",2016-08-23,1.93350582740246,236
"668",2016-08-24,2.08905530670066,237
"669",2016-08-25,3.12839545528924,238
"670",2016-08-26,2.67856159405297,239
"671",2016-08-27,5.44678085124819,240
"672",2016-08-28,3.32772216184917,241
"673",2016-08-29,2.27767657167946,242
"674",2016-08-30,1.93620324351592,243
"675",2016-08-31,1.86305707634077,244
"676",2016-09-01,1.59963843002519,245
"677",2016-09-02,1.40263320098959,246
"678",2016-09-03,1.37591310416703,247
"679",2016-09-04,1.23667155939285,248
"680",2016-09-05,1.22481060645791,249
"681",2016-09-06,1.139992986963,250
"682",2016-09-07,3.82529351514075,251
"683",2016-09-08,3.11185049748348,252
"684",2016-09-09,1.78265299240506,253
"685",2016-09-10,4.59503087744416,254
"686",2016-09-11,12.635652241156,255
"687",2016-09-12,2.68319695617186,256
"688",2016-09-13,1.98270913972953,257
"689",2016-09-14,6.48284698618862,258
"690",2016-09-15,3.07543670813618,259
"691",2016-09-16,7.20237723265482,260
"692",2016-09-17,12.5220827981798,261
"693",2016-09-18,4.64634396861568,262
"694",2016-09-19,3.79787345333257,263
"695",2016-09-20,2.5076869188173,264
"696",2016-09-21,1.9106292342736,265
"697",2016-09-22,1.75558490603033,266
"698",2016-09-23,1.78421614506775,267
"699",2016-09-24,2.33170760905449,268
"700",2016-09-25,2.03866071652122,269
"701",2016-09-26,4.05860943398097,270
"702",2016-09-27,2.05595296523271,271
"703",2016-09-28,1.73781646611755,272
"704",2016-09-29,1.73433057974777,273
"705",2016-09-30,1.40354933671684,274
"706",2016-10-01,1.29700879784886,275
"707",2016-10-02,1.12814422610443,276
"708",2016-10-03,1.06353840042022,277
"709",2016-10-04,1.04143102746614,278
"710",2016-10-05,1.0328681738376,279
"711",2016-10-06,1.00999865499657,280
"712",2016-10-07,0.95011784516954,281
"713",2016-10-08,0.857931213312885,282
"714",2016-10-09,0.791680813356705,283
"715",2016-10-10,0.709332948334789,284
"716",2016-10-11,0.679733485094623,285
"717",2016-10-12,0.629035015145691,286
"718",2016-10-13,0.584537520987732,287
"719",2016-10-14,0.573110009624003,288
"720",2016-10-15,0.625059192367202,289
"721",2016-10-16,0.68453382632958,290
"722",2016-10-17,0.646726450222813,291
"723",2016-10-18,1.09235113340766,292
"724",2016-10-19,3.61636956867114,293
"725",2016-10-20,4.52661118499597,294
"726",2016-10-21,2.08564854083889,295
"727",2016-10-22,1.61298843110108,296
"728",2016-10-23,1.36778370293672,297
"729",2016-10-24,1.66784252583179,298
"730",2016-10-25,1.24676002367822,299
"731",2016-10-26,1.04723960588075,300
"732",2016-10-27,0.890465962362131,301
"733",2016-10-28,0.882319522518539,302
"734",2016-10-29,0.872593844734623,303
"735",2016-10-30,0.803265355061243,304
"736",2016-10-31,0.768913754113404,305
"737",2017-05-01,NA,121
"738",2017-05-02,NA,122
"739",2017-05-03,NA,123
"740",2017-05-04,NA,124
"741",2017-05-05,NA,125
"742",2017-05-06,NA,126
"743",2017-05-07,NA,127
"744",2017-05-08,NA,128
"745",2017-05-09,NA,129
"746",2017-05-10,NA,130
"747",2017-05-11,NA,131
"748",2017-05-12,NA,132
"749",2017-05-13,NA,133
"750",2017-05-14,NA,134
"751",2017-05-15,NA,135
"752",2017-05-16,2.81165671872582,136
"753",2017-05-17,2.7294075084492,137
"754",2017-05-18,3.01377977623962,138
"755",2017-05-19,2.87111197747877,139
"756",2017-05-20,2.80121574010052,140
"757",2017-05-21,3.97515697114131,141
"758",2017-05-22,9.62600125783101,142
"759",2017-05-23,9.47288073354457,143
"760",2017-05-24,4.6671732823985,144
"761",2017-05-25,3.93053298862165,145
"762",2017-05-26,3.06678611201881,146
"763",2017-05-27,3.42008556179966,147
"764",2017-05-28,2.82238020614296,148
"765",2017-05-29,2.67813088289616,149
"766",2017-05-30,3.0761009446385,150
"767",2017-05-31,3.56039620390744,151
"768",2017-06-01,3.28267340394777,152
"769",2017-06-02,3.31924707215637,153
"770",2017-06-03,3.37090033463499,154
"771",2017-06-04,3.3271051696312,155
"772",2017-06-05,2.64596863884687,156
"773",2017-06-06,2.36865020637048,157
"774",2017-06-07,2.40529981170076,158
"775",2017-06-08,3.20852656573197,159
"776",2017-06-09,3.81333169720971,160
"777",2017-06-10,4.12859450665629,161
"778",2017-06-11,3.06030074942192,162
"779",2017-06-12,2.59795301466758,163
"780",2017-06-13,2.91694093807479,164
"781",2017-06-14,2.64690760150306,165
"782",2017-06-15,2.20188176092331,166
"783",2017-06-16,2.2783293397802,167
"784",2017-06-17,3.5587265167933,168
"785",2017-06-18,6.96437772268294,169
"786",2017-06-19,4.10900752854307,170
"787",2017-06-20,3.10653877614375,171
"788",2017-06-21,6.81723353769822,172
"789",2017-06-22,4.39038200407563,173
"790",2017-06-23,3.06725471976163,174
"791",2017-06-24,2.71357706160135,175
"792",2017-06-25,2.8355676408096,176
"793",2017-06-26,3.22626046155271,177
"794",2017-06-27,3.13648766306039,178
"795",2017-06-28,4.24434257634948,179
"796",2017-06-29,3.36696010419544,180
"797",2017-06-30,2.70581294508501,181
"798",2017-07-01,3.16885539378314,182
"799",2017-07-02,3.43922033932543,183
"800",2017-07-03,6.43300288690112,184
"801",2017-07-04,9.7988838423805,185
"802",2017-07-05,5.70943145246544,186
"803",2017-07-06,4.81976445137343,187
"804",2017-07-07,3.60751455445291,188
"805",2017-07-08,3.34536245241819,189
"806",2017-07-09,2.94487076147738,190
"807",2017-07-10,3.37955333151433,191
"808",2017-07-11,4.09633059150552,192
"809",2017-07-12,3.09534614283742,193
"810",2017-07-13,3.53543430827592,194
"811",2017-07-14,4.53794460446956,195
"812",2017-07-15,6.02571193476921,196
"813",2017-07-16,4.69010970869515,197
"814",2017-07-17,5.77491812282211,198
"815",2017-07-18,4.93838100009388,199
"816",2017-07-19,3.7795619191954,200
"817",2017-07-20,3.21076564450374,201
"818",2017-07-21,2.72113450180837,202
"819",2017-07-22,2.50737703333432,203
"820",2017-07-23,2.37102119962614,204
"821",2017-07-24,3.21874558340723,205
"822",2017-07-25,2.6760438666712,206
"823",2017-07-26,2.45488248301177,207
"824",2017-07-27,2.54079402790245,208
"825",2017-07-28,4.34447048276089,209
"826",2017-07-29,3.9534814467837,210
"827",2017-07-30,3.01567853285953,211
"828",2017-07-31,3.00411417631423,212
"829",2017-08-01,2.76672942917381,213
"830",2017-08-02,2.51038015538585,214
"831",2017-08-03,2.39776738613789,215
"832",2017-08-04,2.56144786079077,216
"833",2017-08-05,2.48862563399394,217
"834",2017-08-06,2.44426418016088,218
"835",2017-08-07,2.5976688357957,219
"836",2017-08-08,2.45682671445609,220
"837",2017-08-09,2.31714712905384,221
"838",2017-08-10,2.18240365740712,222
"839",2017-08-11,2.17292310632929,223
"840",2017-08-12,2.09004463005981,224
"841",2017-08-13,2.20953550694703,225
"842",2017-08-14,2.22405534146794,226
"843",2017-08-15,6.16731607990375,227
"844",2017-08-16,3.58574853624335,228
"845",2017-08-17,4.45913800319159,229
"846",2017-08-18,16.1456467387367,230
"847",2017-08-19,11.1681493842347,231
"848",2017-08-20,7.81117395183349,232
"849",2017-08-21,5.240849543314,233
"850",2017-08-22,8.58521558607879,234
"851",2017-08-23,9.26048098683089,235
"852",2017-08-24,9.93587825890836,236
"853",2017-08-25,4.44962447761724,237
"854",2017-08-26,6.53395076738114,238
"855",2017-08-27,9.90502421797757,239
"856",2017-08-28,7.4147392055493,240
"857",2017-08-29,5.21153182434621,241
"858",2017-08-30,4.04108463480846,242
"859",2017-08-31,5.05330989504386,243
"860",2017-09-01,12.7600845991753,244
"861",2017-09-02,16.8506425787562,245
"862",2017-09-03,8.57875510815831,246
"863",2017-09-04,4.61797442844442,247
"864",2017-09-05,8.61274144092626,248
"865",2017-09-06,8.78195920240058,249
"866",2017-09-07,4.84926108403948,250
"867",2017-09-08,7.43119052557618,251
"868",2017-09-09,6.98205907142343,252
"869",2017-09-10,10.9055987050523,253
"870",2017-09-11,11.9613711882747,254
"871",2017-09-12,6.02903991393006,255
"872",2017-09-13,4.61280848957295,256
"873",2017-09-14,3.46248266149283,257
"874",2017-09-15,2.93037643941904,258
"875",2017-09-16,2.61430794324895,259
"876",2017-09-17,2.42064362312186,260
"877",2017-09-18,2.60430176455253,261
"878",2017-09-19,2.5017254172447,262
"879",2017-09-20,2.38938789984569,263
"880",2017-09-21,2.17426103412377,264
"881",2017-09-22,1.97576932185189,265
"882",2017-09-23,2.37438848037119,266
"883",2017-09-24,2.88573795915446,267
"884",2017-09-25,5.04841460626246,268
"885",2017-09-26,5.73840409681945,269
"886",2017-09-27,4.4271263111945,270
"887",2017-09-28,9.68557918927648,271
"888",2017-09-29,9.46621996160868,272
"889",2017-09-30,4.26226129264297,273
"890",2017-10-01,3.04292494358018,274
"891",2017-10-02,2.48003951102688,275
"892",2017-10-03,2.16840235511542,276
"893",2017-10-04,2.41403520618182,277
"894",2017-10-05,4.3288113489711,278
"895",2017-10-06,3.04832987286851,279
"896",2017-10-07,6.72814508693289,280
"897",2017-10-08,4.16560943169451,281
"898",2017-10-09,3.8659462075904,282
"899",2017-10-10,10.4365371714378,283
"900",2017-10-11,3.92639676731542,284
"901",2017-10-12,2.86637001312759,285
"902",2017-10-13,2.35259270463795,286
"903",2017-10-14,2.09226306021041,287
"904",2017-10-15,2.25535134807976,288
"905",2017-10-16,3.59810596146944,289
"906",2017-10-17,4.92841784770977,290
"907",2017-10-18,4.88928720730997,291
"908",2017-10-19,3.61338883343693,292
"909",2017-10-20,2.52511517081484,293
"910",2017-10-21,3.66571657198727,294
"911",2017-10-22,3.86114242167201,295
"912",2017-10-23,2.5550978524149,296
"913",2017-10-24,3.1869620907812,297
"914",2017-10-25,4.34815873614769,298
"915",2017-10-26,2.58435036859934,299
"916",2017-10-27,2.67893426486596,300
"917",2017-10-28,20.9821088886328,301
"918",2017-10-29,13.699874158131,302
"919",2017-10-30,3.88682239100379,303
"920",2017-10-31,2.99053801701428,304
"921",2018-05-01,1.23705355335009,121
"922",2018-05-02,1.60825614552786,122
"923",2018-05-03,6.04562488944254,123
"924",2018-05-04,2.21885956712229,124
"925",2018-05-05,2.17351386941219,125
"926",2018-05-06,7.02225852304835,126
"927",2018-05-07,9.10539385733754,127
"928",2018-05-08,3.97890507397237,128
"929",2018-05-09,3.5872852384035,129
"930",2018-05-10,3.56722958775023,130
"931",2018-05-11,3.83904571019325,131
"932",2018-05-12,3.87395564407534,132
"933",2018-05-13,7.84070757812533,133
"934",2018-05-14,5.1246737444881,134
"935",2018-05-15,7.1357379587176,135
"936",2018-05-16,3.73243166728419,136
"937",2018-05-17,2.52735105839828,137
"938",2018-05-18,2.30220399921724,138
"939",2018-05-19,2.50075258634183,139
"940",2018-05-20,2.86637537534584,140
"941",2018-05-21,2.84300407499916,141
"942",2018-05-22,3.19378620987338,142
"943",2018-05-23,3.74170201654118,143
"944",2018-05-24,4.91296802675927,144
"945",2018-05-25,2.73138283077002,145
"946",2018-05-26,2.36700405657256,146
"947",2018-05-27,3.9163193874211,147
"948",2018-05-28,2.90169231019326,148
"949",2018-05-29,2.18535258381848,149
"950",2018-05-30,2.00382960616466,150
"951",2018-05-31,1.80041893838036,151
"952",2018-06-01,1.70643428792772,152
"953",2018-06-02,1.6604372968203,153
"954",2018-06-03,1.69313694861028,154
"955",2018-06-04,1.54369799275195,155
"956",2018-06-05,1.50435468918343,156
"957",2018-06-06,1.72685523541873,157
"958",2018-06-07,1.66809660509047,158
"959",2018-06-08,1.51386068599794,159
"960",2018-06-09,1.50688242370781,160
"961",2018-06-10,1.38412256487867,161
"962",2018-06-11,1.69520441559946,162
"963",2018-06-12,2.26434530023676,163
"964",2018-06-13,2.35795482408125,164
"965",2018-06-14,1.86442872156889,165
"966",2018-06-15,1.6973343298078,166
"967",2018-06-16,1.57900088860702,167
"968",2018-06-17,1.36464373475797,168
"969",2018-06-18,2.45035601396436,169
"970",2018-06-19,2.74425486027453,170
"971",2018-06-20,2.68953799155807,171
"972",2018-06-21,2.62390473500378,172
"973",2018-06-22,2.37959817697655,173
"974",2018-06-23,2.04390594913489,174
"975",2018-06-24,1.57876715881874,175
"976",2018-06-25,1.27477559216913,176
"977",2018-06-26,1.24603922802723,177
"978",2018-06-27,1.11579054749122,178
"979",2018-06-28,1.06894903187727,179
"980",2018-06-29,1.09366737853157,180
"981",2018-06-30,1.1425284472757,181
"982",2018-07-01,1.46432380511604,182
"983",2018-07-02,1.21419802965535,183
"984",2018-07-03,1.11048335419932,184
"985",2018-07-04,1.17746616447539,185
"986",2018-07-05,1.41935615336906,186
"987",2018-07-06,1.40766873406544,187
"988",2018-07-07,1.38857820039615,188
"989",2018-07-08,1.17779224693311,189
"990",2018-07-09,1.01297274400565,190
"991",2018-07-10,0.950531482506526,191
"992",2018-07-11,0.991573092573945,192
"993",2018-07-12,2.23659484039281,193
"994",2018-07-13,2.15299767520194,194
"995",2018-07-14,1.56854423390126,195
"996",2018-07-15,1.10528476114003,196
"997",2018-07-16,1.56551882652737,197
"998",2018-07-17,5.98381082530897,198
"999",2018-07-18,2.38706248591777,199
"1000",2018-07-19,1.39403801834785,200
"1001",2018-07-20,1.32610616827859,201
"1002",2018-07-21,1.24538787267511,202
"1003",2018-07-22,1.21236234132437,203
"1004",2018-07-23,1.21293216224112,204
"1005",2018-07-24,1.16380118841513,205
"1006",2018-07-25,1.09831545378489,206
"1007",2018-07-26,1.03291155954904,207
"1008",2018-07-27,0.989977612642083,208
"1009",2018-07-28,0.936222810400407,209
"1010",2018-07-29,0.907121667603738,210
"1011",2018-07-30,0.877484292871872,211
"1012",2018-07-31,0.902764957655102,212
"1013",2018-08-01,0.90192718355642,213
"1014",2018-08-02,0.964327889121064,214
"1015",2018-08-03,1.1986373644293,215
"1016",2018-08-04,1.56979517285408,216
"1017",2018-08-05,2.59736650334481,217
"1018",2018-08-06,2.28059862258347,218
"1019",2018-08-07,2.38679353502163,219
"1020",2018-08-08,4.01645027955258,220
"1021",2018-08-09,9.759959733069,221
"1022",2018-08-10,17.5410458793009,222
"1023",2018-08-11,11.312429017608,223
"1024",2018-08-12,5.60698069485518,224
"1025",2018-08-13,4.5049621714034,225
"1026",2018-08-14,4.83999564059218,226
"1027",2018-08-15,14.1737205723637,227
"1028",2018-08-16,7.2502071580989,228
"1029",2018-08-17,4.9436398556132,229
"1030",2018-08-18,4.17134823968791,230
"1031",2018-08-19,3.64142414660477,231
"1032",2018-08-20,3.39838252853526,232
"1033",2018-08-21,3.28493976543961,233
"1034",2018-08-22,3.30878799427133,234
"1035",2018-08-23,4.46874732645877,235
"1036",2018-08-24,4.8901509725479,236
"1037",2018-08-25,4.78421449428369,237
"1038",2018-08-26,7.49866267913912,238
"1039",2018-08-27,5.00297327464001,239
"1040",2018-08-28,4.17755980671155,240
"1041",2018-08-29,10.3816678582582,241
"1042",2018-08-30,8.11506142591477,242
"1043",2018-08-31,4.71466893787509,243
"1044",2018-09-01,6.68818243552287,244
"1045",2018-09-02,6.39942994495036,245
"1046",2018-09-03,4.67990742563707,246
"1047",2018-09-04,3.82231602921213,247
"1048",2018-09-05,3.33110586417297,248
"1049",2018-09-06,3.0918920397862,249
"1050",2018-09-07,3.03571574268229,250
"1051",2018-09-08,2.70917715717914,251
"1052",2018-09-09,2.74898043151988,252
"1053",2018-09-10,2.77559906492779,253
"1054",2018-09-11,2.68345851155549,254
"1055",2018-09-12,2.4173935165211,255
"1056",2018-09-13,2.25526398828456,256
"1057",2018-09-14,2.12398551642537,257
"1058",2018-09-15,2.18802434925171,258
"1059",2018-09-16,2.1425012116009,259
"1060",2018-09-17,2.03203347932224,260
"1061",2018-09-18,2.06919090371465,261
"1062",2018-09-19,2.08536985015682,262
"1063",2018-09-20,1.9344901446453,263
"1064",2018-09-21,1.9370916892377,264
"1065",2018-09-22,1.91907260599979,265
"1066",2018-09-23,1.8861074522388,266
"1067",2018-09-24,2.77030166347566,267
"1068",2018-09-25,2.73510195617831,268
"1069",2018-09-26,2.88366935077533,269
"1070",2018-09-27,9.68763784198517,270
"1071",2018-09-28,3.93957590056014,271
"1072",2018-09-29,2.76524536397937,272
"1073",2018-09-30,2.26181625914352,273
"1074",2018-10-01,1.90327271616264,274
"1075",2018-10-02,1.76533275370811,275
"1076",2018-10-03,1.6343884930895,276
"1077",2018-10-04,1.50537537060353,277
"1078",2018-10-05,1.60681205034315,278
"1079",2018-10-06,2.00273565310772,279
"1080",2018-10-07,2.61891602817284,280
"1081",2018-10-08,2.77769388958737,281
"1082",2018-10-09,3.88020867292656,282
"1083",2018-10-10,3.06999400281661,283
"1084",2018-10-11,2.08917718624385,284
"1085",2018-10-12,3.4158062979896,285
"1086",2018-10-13,3.37076870203019,286
"1087",2018-10-14,2.89928811287635,287
"1088",2018-10-15,14.3866490429743,288
"1089",2018-10-16,27.2409127744318,289
"1090",2018-10-17,6.92751361613305,290
"1091",2018-10-18,12.2846009760417,291
"1092",2018-10-19,6.03228347950939,292
"1093",2018-10-20,6.07061537810145,293
"1094",2018-10-21,8.11650291313529,294
"1095",2018-10-22,6.04218596742841,295
"1096",2018-10-23,5.15625218430751,296
"1097",2018-10-24,7.33618483624323,297
"1098",2018-10-25,4.4576804915945,298
"1099",2018-10-26,3.6760284956986,299
"1100",2018-10-27,3.95985750816561,300
"1101",2018-10-28,3.64511190339437,301
"1102",2018-10-29,2.73480577626829,302
"1103",2018-10-30,2.41931843055612,303
"1104",2018-10-31,2.82542118192745,304
"1105",2019-05-01,1.045986871572,121
"1106",2019-05-02,1.252103648594,122
"1107",2019-05-03,1.409025090901,123
"1108",2019-05-04,2.538558589402,124
"1109",2019-05-05,2.22140250889,125
"1110",2019-05-06,2.380449157809,126
"1111",2019-05-07,3.87651353627,127
"1112",2019-05-08,4.74768506373,128
"1113",2019-05-09,4.12438564055,129
"1114",2019-05-10,4.32249327023,130
"1115",2019-05-11,3.3320398492,131
"1116",2019-05-12,2.609187930088,132
"1117",2019-05-13,2.087862066708,133
"1118",2019-05-14,1.976516723339,134
"1119",2019-05-15,2.032047423404,135
"1120",2019-05-16,2.249109653605,136
"1121",2019-05-17,2.19237763835,137
"1122",2019-05-18,2.628455449935,138
"1123",2019-05-19,2.506564278536,139
"1124",2019-05-20,2.34288284551,140
"1125",2019-05-21,2.531534774197,141
"1126",2019-05-22,3.05760946842,142
"1127",2019-05-23,2.630117716091,143
"1128",2019-05-24,2.25979715002,144
"1129",2019-05-25,1.989167996091,145
"1130",2019-05-26,1.982126419523,146
"1131",2019-05-27,2.508901556858,147
"1132",2019-05-28,2.743115018473,148
"1133",2019-05-29,2.639857967924,149
"1134",2019-05-30,2.178842724983,150
"1135",2019-05-31,2.007601923307,151
"1136",2019-06-01,2.196118392346,152
"1137",2019-06-02,2.622758121103,153
"1138",2019-06-03,2.137884031688,154
"1139",2019-06-04,1.886000304773,155
"1140",2019-06-05,2.26317250234,156
"1141",2019-06-06,1.887117533588,157
"1142",2019-06-07,1.799096304797,158
"1143",2019-06-08,1.852981263642,159
"1144",2019-06-09,1.757553380925,160
"1145",2019-06-10,1.785328042648,161
"1146",2019-06-11,1.740249374508,162
"1147",2019-06-12,4.33128690093,163
"1148",2019-06-13,4.9417051348,164
"1149",2019-06-14,3.39523443972,165
"1150",2019-06-15,2.812015243875,166
"1151",2019-06-16,2.805424030111,167
"1152",2019-06-17,4.04694735156,168
"1153",2019-06-18,6.5857593352,169
"1154",2019-06-19,6.10091785163,170
"1155",2019-06-20,2.83225558641,171
"1156",2019-06-21,2.230926305343,172
"1157",2019-06-22,2.126670011792,173
"1158",2019-06-23,1.883617890215,174
"1159",2019-06-24,2.067739311805,175
"1160",2019-06-25,1.665985306342,176
"1161",2019-06-26,1.607942867511,177
"1162",2019-06-27,1.694603926986,178
"1163",2019-06-28,1.878943466581,179
"1164",2019-06-29,1.758972798838,180
"1165",2019-06-30,1.653181275001,181
"1166",2019-07-01,1.47475619712,182
"1167",2019-07-02,1.505193850072,183
"1168",2019-07-03,1.417061404828,184
"1169",2019-07-04,1.412573966369,185
"1170",2019-07-05,1.358063764587,186
"1171",2019-07-06,1.404206610362,187
"1172",2019-07-07,1.377764549227,188
"1173",2019-07-08,1.274260622496,189
"1174",2019-07-09,1.171152439852,190
"1175",2019-07-10,1.05089802697,191
"1176",2019-07-11,0.956762566199,192
"1177",2019-07-12,0.879247789101,193
"1178",2019-07-13,0.880049750822,194
"1179",2019-07-14,0.745945363503,195
"1180",2019-07-15,0.670723721255,196
"1181",2019-07-16,0.669328638512,197
"1182",2019-07-17,0.926874358313,198
"1183",2019-07-18,0.888437602821,199
"1184",2019-07-19,0.762476297122,200
"1185",2019-07-20,0.697204204451,201
"1186",2019-07-21,0.783433735055,202
"1187",2019-07-22,0.652779149715,203
"1188",2019-07-23,0.610270658709,204
"1189",2019-07-24,0.706789662359,205
"1190",2019-07-25,0.619224517217,206
"1191",2019-07-26,0.558288298393,207
"1192",2019-07-27,0.758074985468,208
"1193",2019-07-28,1.059810048456,209
"1194",2019-07-29,3.98408842451,210
"1195",2019-07-30,2.258125709004,211
"1196",2019-07-31,1.386854946179,212
"1197",2019-08-01,1.167098130629,213
"1198",2019-08-02,1.017913601267,214
"1199",2019-08-03,0.959021816044,215
"1200",2019-08-04,0.960226277628,216
"1201",2019-08-05,0.919012118252,217
"1202",2019-08-06,0.881810109306,218
"1203",2019-08-07,0.907935195725,219
"1204",2019-08-08,0.932221637936,220
"1205",2019-08-09,0.938206488825,221
"1206",2019-08-10,0.806079095924,222
"1207",2019-08-11,0.647994372495,223
"1208",2019-08-12,0.63255779082,224
"1209",2019-08-13,0.63396743646,225
"1210",2019-08-14,0.648039215543,226
"1211",2019-08-15,0.587156184588,227
"1212",2019-08-16,0.800730006516,228
"1213",2019-08-17,0.648948827351,229
"1214",2019-08-18,1.828681533166,230
"1215",2019-08-19,0.812977791452,231
"1216",2019-08-20,0.567395068593,232
"1217",2019-08-21,0.523989085254,233
"1218",2019-08-22,0.548366512814,234
"1219",2019-08-23,0.639999069513,235
"1220",2019-08-24,1.785815778149,236
"1221",2019-08-25,2.295082600613,237
"1222",2019-08-26,2.809610238842,238
"1223",2019-08-27,2.586727262943,239
"1224",2019-08-28,4.05167020272,240
"1225",2019-08-29,1.510819579904,241
"1226",2019-08-30,1.201886315413,242
"1227",2019-08-31,1.061031385896,243
"1228",2019-09-01,0.972934482056,244
"1229",2019-09-02,0.970869296914,245
"1230",2019-09-03,0.998208859438,246
"1231",2019-09-04,1.612083607198,247
"1232",2019-09-05,1.200541316312,248
"1233",2019-09-06,1.053232036925,249
"1234",2019-09-07,0.986656819248,250
"1235",2019-09-08,0.959086325045,251
"1236",2019-09-09,0.945397738999,252
"1237",2019-09-10,0.934214082739,253
"1238",2019-09-11,0.935288973339,254
"1239",2019-09-12,0.907726125513,255
"1240",2019-09-13,1.084408453736,256
"1241",2019-09-14,3.8097501884,257
"1242",2019-09-15,2.10335751493,258
"1243",2019-09-16,1.379930011174,259
"1244",2019-09-17,1.618387271171,260
"1245",2019-09-18,1.216755676226,261
"1246",2019-09-19,1.43053901211,262
"1247",2019-09-20,3.04578233525,263
"1248",2019-09-21,15.96420449214,264
"1249",2019-09-22,11.29186054024,265
"1250",2019-09-23,4.33713848061,266
"1251",2019-09-24,3.1861049845,267
"1252",2019-09-25,8.50223627759,268
"1253",2019-09-26,6.85997010515,269
"1254",2019-09-27,4.93436914088,270
"1255",2019-09-28,2.58787990468,271
"1256",2019-09-29,1.970111666692,272
"1257",2019-09-30,1.693202988124,273
"1258",2019-10-01,1.963675048187,274
"1259",2019-10-02,17.95995994234,275
"1260",2019-10-03,7.98127680582,276
"1261",2019-10-04,3.0510467154,277
"1262",2019-10-05,2.309057914335,278
"1263",2019-10-06,7.94940403836,279
"1264",2019-10-07,22.0329013816,280
"1265",2019-10-08,4.03767345854,281
"1266",2019-10-09,2.543794607575,282
"1267",2019-10-10,2.327812681764,283
"1268",2019-10-11,2.292573112829,284
"1269",2019-10-12,3.35635841559,285
"1270",2019-10-13,3.14809467435,286
"1271",2019-10-14,2.245334894329,287
"1272",2019-10-15,1.781212951534,288
"1273",2019-10-16,2.201187316565,289
"1274",2019-10-17,3.17371146928,290
"1275",2019-10-18,2.375796845248,291
"1276",2019-10-19,2.691481658568,292
"1277",2019-10-20,2.389913700288,293
"1278",2019-10-21,1.902368057196,294
"1279",2019-10-22,1.52946921255,295
"1280",2019-10-23,1.493384430438,296
"1281",2019-10-24,3.83378223427,297
"1282",2019-10-25,3.6815917423,298
"1283",2019-10-26,2.827823239278,299
"1284",2019-10-27,1.944237048008,300
"1285",2019-10-28,1.760145502728,301
"1286",2019-10-29,1.607457015375,302
"1287",2019-10-30,2.030518385724,303
"1288",2019-10-31,2.645276921825,304
"1289",2020-05-01,5.17961302133,122
"1290",2020-05-02,5.9814600396,123
"1291",2020-05-03,4.85721922323,124
"1292",2020-05-04,5.78771626992,125
"1293",2020-05-05,5.30803733461,126
"1294",2020-05-06,4.74803057277,127
"1295",2020-05-07,4.4871001891,128
"1296",2020-05-08,4.68304964663,129
"1297",2020-05-09,4.83448242025,130
"1298",2020-05-10,5.90904657975,131
"1299",2020-05-11,7.3628943718,132
"1300",2020-05-12,6.67184347229,133
"1301",2020-05-13,5.92298837099,134
"1302",2020-05-14,5.75280501636,135
"1303",2020-05-15,5.32240676998,136
"1304",2020-05-16,4.81165444599,137
"1305",2020-05-17,5.00576411203,138
"1306",2020-05-18,5.17557737341,139
"1307",2020-05-19,4.5252921711,140
"1308",2020-05-20,5.00140067936,141
"1309",2020-05-21,5.00858845203,142
"1310",2020-05-22,4.2010319597,143
"1311",2020-05-23,4.10450044179,144
"1312",2020-05-24,4.17574843972,145
"1313",2020-05-25,5.87164675437,146
"1314",2020-05-26,5.14902095339,147
"1315",2020-05-27,4.41113083708,148
"1316",2020-05-28,3.76132078894,149
"1317",2020-05-29,3.62640160868,150
"1318",2020-05-30,3.98844523781,151
"1319",2020-05-31,4.21778721242,152
"1320",2020-06-01,4.42151391181,153
"1321",2020-06-02,6.01734839877,154
"1322",2020-06-03,5.39784029546,155
"1323",2020-06-04,5.3888125615,156
"1324",2020-06-05,4.42119816871,157
"1325",2020-06-06,3.92693997051,158
"1326",2020-06-07,3.76947573392,159
"1327",2020-06-08,5.68408116052,160
"1328",2020-06-09,7.27881800085,161
"1329",2020-06-10,4.39617420784,162
"1330",2020-06-11,4.63900991111,163
"1331",2020-06-12,4.1874571572,164
"1332",2020-06-13,4.01561893177,165
"1333",2020-06-14,4.26369995231,166
"1334",2020-06-15,4.89257642536,167
"1335",2020-06-16,3.98109119132,168
"1336",2020-06-17,5.78993116093,169
"1337",2020-06-18,5.31938719111,170
"1338",2020-06-19,6.73797530849,171
"1339",2020-06-20,7.87709098974,172
"1340",2020-06-21,7.53458062623,173
"1341",2020-06-22,5.33629391392,174
"1342",2020-06-23,4.11218438421,175
"1343",2020-06-24,3.8756198534,176
"1344",2020-06-25,3.79103381077,177
"1345",2020-06-26,3.60046395967,178
"1346",2020-06-27,5.6881854982,179
"1347",2020-06-28,4.30469569455,180
"1348",2020-06-29,4.01407983627,181
"1349",2020-06-30,4.94255930804,182
"1350",2020-07-01,3.95597616105,183
"1351",2020-07-02,3.81401826139,184
"1352",2020-07-03,4.29378612662,185
"1353",2020-07-04,4.14561238666,186
"1354",2020-07-05,3.88625249734,187
"1355",2020-07-06,3.53485147658,188
"1356",2020-07-07,3.18297226789,189
"1357",2020-07-08,3.00942310653,190
"1358",2020-07-09,3.68191998551,191
"1359",2020-07-10,5.25486778986,192
"1360",2020-07-11,4.79077488428,193
"1361",2020-07-12,4.03816470126,194
"1362",2020-07-13,4.25013202388,195
"1363",2020-07-14,3.53710350851,196
"1364",2020-07-15,6.00432189179,197
"1365",2020-07-16,4.57652110278,198
"1366",2020-07-17,3.61509641241,199
"1367",2020-07-18,3.36536461042,200
"1368",2020-07-19,4.73681280369,201
"1369",2020-07-20,7.66051581867,202
"1370",2020-07-21,11.54724371356,203
"1371",2020-07-22,5.72555910363,204
"1372",2020-07-23,4.16198878728,205
"1373",2020-07-24,3.87339693368,206
"1374",2020-07-25,3.54654399514,207
"1375",2020-07-26,4.83003547994,208
"1376",2020-07-27,14.56530842036,209
"1377",2020-07-28,5.5375150247,210
"1378",2020-07-29,3.95780982842,211
"1379",2020-07-30,3.54268262145,212
"1380",2020-07-31,3.5732445697,213
"1381",2020-08-01,3.64129166783,214
"1382",2020-08-02,4.0416785085,215
"1383",2020-08-03,4.28103074779,216
"1384",2020-08-04,4.89225503641,217
"1385",2020-08-05,6.29973664899,218
"1386",2020-08-06,4.10947395454,219
"1387",2020-08-07,3.27732462354,220
"1388",2020-08-08,4.99669426484,221
"1389",2020-08-09,6.459190019,222
"1390",2020-08-10,7.84565579405,223
"1391",2020-08-11,17.42098624141,224
"1392",2020-08-12,5.3118083464,225
"1393",2020-08-13,3.92612547387,226
"1394",2020-08-14,5.24038766753,227
"1395",2020-08-15,4.31860671237,228
"1396",2020-08-16,5.65630807822,229
"1397",2020-08-17,4.30181783925,230
"1398",2020-08-18,4.51099871557,231
"1399",2020-08-19,3.8120561573,232
"1400",2020-08-20,3.5805626101,233
"1401",2020-08-21,3.13039390165,234
"1402",2020-08-22,2.95217694961,235
"1403",2020-08-23,2.748406391446,236
"1404",2020-08-24,3.30349211383,237
"1405",2020-08-25,4.52010395191,238
"1406",2020-08-26,7.00628378516,239
"1407",2020-08-27,5.9753385515,240
"1408",2020-08-28,3.80961733688,241
"1409",2020-08-29,4.43048494672,242
"1410",2020-08-30,3.75738426743,243
"1411",2020-08-31,4.68609892918,244
"1412",2020-09-01,10.28367894928,245
"1413",2020-09-02,9.45327032864,246
"1414",2020-09-03,8.33895228184,247
"1415",2020-09-04,9.09605987256,248
"1416",2020-09-05,4.47106576851,249
"1417",2020-09-06,3.24536438078,250
"1418",2020-09-07,2.721443764263,251
"1419",2020-09-08,2.559730046934,252
"1420",2020-09-09,3.09233329391,253
"1421",2020-09-10,3.5267715832,254
"1422",2020-09-11,3.02268641942,255
"1423",2020-09-12,2.293872302154,256
"1424",2020-09-13,1.917923104652,257
"1425",2020-09-14,1.837877107634,258
"1426",2020-09-15,1.681010666943,259
"1427",2020-09-16,1.574329302527,260
"1428",2020-09-17,1.586953393978,261
"1429",2020-09-18,1.585773980158,262
"1430",2020-09-19,1.815500559409,263
"1431",2020-09-20,1.887756539381,264
"1432",2020-09-21,1.643922043928,265
"1433",2020-09-22,1.756107672029,266
"1434",2020-09-23,1.91708131436,267
"1435",2020-09-24,1.862367835376,268
"1436",2020-09-25,1.995696653271,269
"1437",2020-09-26,2.627821322496,270
"1438",2020-09-27,2.389425449444,271
"1439",2020-09-28,5.05313749416,272
"1440",2020-09-29,5.78494058894,273
"1441",2020-09-30,2.718411114755,274
"1442",2020-10-01,2.460140051238,275
"1443",2020-10-02,2.570768058376,276
"1444",2020-10-03,10.78021566538,277
"1445",2020-10-04,5.43869673095,278
"1446",2020-10-05,6.42962113473,279
"1447",2020-10-06,7.91146754876,280
"1448",2020-10-07,4.50173812355,281
"1449",2020-10-08,2.95465458914,282
"1450",2020-10-09,2.316171213574,283
"1451",2020-10-10,2.231853377402,284
"1452",2020-10-11,2.133515443607,285
"1453",2020-10-12,2.420100126782,286
"1454",2020-10-13,2.272977239119,287
"1455",2020-10-14,2.362531103086,288
"1456",2020-10-15,1.914070741116,289
"1457",2020-10-16,1.800623104513,290
"1458",2020-10-17,1.533003505311,291
"1459",2020-10-18,1.259324085973,292
"1460",2020-10-19,1.219320526734,293
"1461",2020-10-20,1.282416463737,294
"1462",2020-10-21,1.377907660063,295
"1463",2020-10-22,1.103636089827,296
"1464",2020-10-23,0.959390127809,297
"1465",2020-10-24,0.915494184306,298
"1466",2020-10-25,0.922351392317,299
"1467",2020-10-26,1.058380321985,300
"1468",2020-10-27,7.14889768448,301
"1469",2020-10-28,2.743391789926,302
"1470",2020-10-29,2.518416150434,303
"1471",2020-10-30,2.219246528292,304
"1472",2020-10-31,2.645641069528,305
"1473",2021-05-01,9.75542170248502,121
"1474",2021-05-02,6.27838007371957,122
"1475",2021-05-03,3.69086472885538,123
"1476",2021-05-04,3.3699594368557,124
"1477",2021-05-05,6.08847762011637,125
"1478",2021-05-06,4.31971906833456,126
"1479",2021-05-07,4.37378471707536,127
"1480",2021-05-08,5.31258238949958,128
"1481",2021-05-09,4.7828161302015,129
"1482",2021-05-10,4.87236105430536,130
"1483",2021-05-11,4.05336518161471,131
"1484",2021-05-12,4.81950129482024,132
"1485",2021-05-13,4.27672589300768,133
"1486",2021-05-14,4.02444375052337,134
"1487",2021-05-15,6.6641948847052,135
"1488",2021-05-16,9.03312205601775,136
"1489",2021-05-17,5.17795266946241,137
"1490",2021-05-18,3.67466041866995,138
"1491",2021-05-19,3.50814479724166,139
"1492",2021-05-20,3.82448627105536,140
"1493",2021-05-21,3.98584551861062,141
"1494",2021-05-22,5.18667622735246,142
"1495",2021-05-23,9.16561846895564,143
"1496",2021-05-24,8.29217052566343,144
"1497",2021-05-25,4.77376807270752,145
"1498",2021-05-26,4.20223522952227,146
"1499",2021-05-27,4.53862546136471,147
"1500",2021-05-28,3.87910173528208,148
"1501",2021-05-29,4.08035550401092,149
"1502",2021-05-30,6.43093167487398,150
"1503",2021-05-31,5.45310386278949,151
"1504",2021-06-01,22.925636433074,152
"1505",2021-06-02,23.686839992047,153
"1506",2021-06-03,21.321859397051,154
"1507",2021-06-04,24.0867191405825,155
"1508",2021-06-05,12.0722640850127,156
"1509",2021-06-06,7.47809312053189,157
"1510",2021-06-07,7.09679345239514,158
"1511",2021-06-08,5.83298513600877,159
"1512",2021-06-09,5.47999688460037,160
"1513",2021-06-10,5.53165525609046,161
"1514",2021-06-11,4.91836589129446,162
"1515",2021-06-12,4.34713193748118,163
"1516",2021-06-13,4.23064397854281,164
"1517",2021-06-14,4.30169664634261,165
"1518",2021-06-15,4.68390060479745,166
"1519",2021-06-16,11.702835375565,167
"1520",2021-06-17,7.28674447463159,168
"1521",2021-06-18,5.44400478653636,169
"1522",2021-06-19,4.8595631584626,170
"1523",2021-06-20,4.63724809736585,171
"1524",2021-06-21,6.74782369618069,172
"1525",2021-06-22,13.1267291837789,173
"1526",2021-06-23,6.55003163229955,174
"1527",2021-06-24,5.07609956057074,175
"1528",2021-06-25,13.8727130697565,176
"1529",2021-06-26,10.5072256334995,177
"1530",2021-06-27,9.04331355833701,178
"1531",2021-06-28,7.14263972244749,179
"1532",2021-06-29,6.75312713910983,180
"1533",2021-06-30,6.1405905529637,181
"1534",2021-07-01,4.90603577937771,182
"1535",2021-07-02,3.95738371332349,183
"1536",2021-07-03,3.7354990466674,184
"1537",2021-07-04,3.39064999086891,185
"1538",2021-07-05,3.35041253446339,186
"1539",2021-07-06,3.64586005085058,187
"1540",2021-07-07,3.93542146812207,188
"1541",2021-07-08,3.61070410626356,189
"1542",2021-07-09,3.37019124703887,190
"1543",2021-07-10,3.74059157444075,191
"1544",2021-07-11,3.25737369630478,192
"1545",2021-07-12,2.86373924398384,193
"1546",2021-07-13,7.2673901381916,194
"1547",2021-07-14,6.99113129247987,195
"1548",2021-07-15,7.64080684730638,196
"1549",2021-07-16,4.35629287886804,197
"1550",2021-07-17,3.47847960825884,198
"1551",2021-07-18,3.55787729856027,199
"1552",2021-07-19,3.24021713772965,200
"1553",2021-07-20,3.09779185201581,201
"1554",2021-07-21,3.32168749000122,202
"1555",2021-07-22,3.04872311739747,203
"1556",2021-07-23,2.16045719891179,204
"1557",2021-07-24,2.08395491810286,205
"1558",2021-07-25,2.36550206450675,206
"1559",2021-07-26,2.27795996027397,207
"1560",2021-07-27,1.93927875166917,208
"1561",2021-07-28,1.72408738481874,209
"1562",2021-07-29,1.73147967938311,210
"1563",2021-07-30,1.75299816543676,211
"1564",2021-07-31,2.0051703301248,212
"1565",2021-08-01,2.38245524661454,213
"1566",2021-08-02,2.41211079531537,214
"1567",2021-08-03,2.13771727176348,215
"1568",2021-08-04,1.87796619514615,216
"1569",2021-08-05,2.06666796106988,217
"1570",2021-08-06,2.71787558506176,218
"1571",2021-08-07,3.81393417862484,219
"1572",2021-08-08,4.42079027855223,220
"1573",2021-08-09,3.99891661528095,221
"1574",2021-08-10,7.90529204215863,222
"1575",2021-08-11,11.155520790917,223
"1576",2021-08-12,7.66579934027863,224
"1577",2021-08-13,9.79633016364834,225
"1578",2021-08-14,49.9657322192089,226
"1579",2021-08-15,8.8544576621681,227
"1580",2021-08-16,6.01144866282977,228
"1581",2021-08-17,3.88065467971641,229
"1582",2021-08-18,3.46971729959786,230
"1583",2021-08-19,7.73963462387359,231
"1584",2021-08-20,5.41154280614523,232
"1585",2021-08-21,3.4236199292673,233
"1586",2021-08-22,3.099122118209,234
"1587",2021-08-23,2.72066289034254,235
"1588",2021-08-24,2.4672937900956,236
"1589",2021-08-25,2.90859759599818,237
"1590",2021-08-26,3.61194972121362,238
"1591",2021-08-27,2.81710524724261,239
"1592",2021-08-28,3.54477392771537,240
"1593",2021-08-29,15.8302299591708,241
"1594",2021-08-30,8.38386773941171,242
"1595",2021-08-31,5.18805086088574,243
"1596",2021-09-01,3.50904636383324,244
"1597",2021-09-02,3.10114006379527,245
"1598",2021-09-03,5.8731901986716,246
"1599",2021-09-04,7.32366186080496,247
"1600",2021-09-05,6.87230604195863,248
"1601",2021-09-06,9.20535665982387,249
"1602",2021-09-07,6.15802807180523,250
"1603",2021-09-08,4.06209844269016,251
"1604",2021-09-09,4.0874841721209,252
"1605",2021-09-10,3.5672869200251,253
"1606",2021-09-11,5.24644012616402,254
"1607",2021-09-12,11.7560747642079,255
"1608",2021-09-13,5.94124601185285,256
"1609",2021-09-14,7.41382333830759,257
"1610",2021-09-15,5.92984424651237,258
"1611",2021-09-16,8.86094190444254,259
"1612",2021-09-17,7.03957542831881,260
"1613",2021-09-18,4.34513771369133,261
"1614",2021-09-19,3.22607280264015,262
"1615",2021-09-20,2.78510188754583,263
"1616",2021-09-21,4.23967853349715,264
"1617",2021-09-22,13.540850688866,265
"1618",2021-09-23,6.03231679292387,266
"1619",2021-09-24,4.51121035946007,267
"1620",2021-09-25,9.54641595775721,268
"1621",2021-09-26,4.05427280063571,269
"1622",2021-09-27,3.05501478100443,270
"1623",2021-09-28,3.00989790126804,271
"1624",2021-09-29,3.29646992654223,272
"1625",2021-09-30,2.53673472485124,273
"1626",2021-10-01,3.34714259254283,274
"1627",2021-10-02,4.59604789791087,275
"1628",2021-10-03,6.27488945007005,276
"1629",2021-10-04,3.6659877401698,277
"1630",2021-10-05,2.73804544436021,278
"1631",2021-10-06,2.214671802823,279
"1632",2021-10-07,2.01713027091538,280
"1633",2021-10-08,3.49869981113147,281
"1634",2021-10-09,4.853146309536,282
"1635",2021-10-10,6.53404842937621,283
"1636",2021-10-11,4.63332849481106,284
"1637",2021-10-12,3.49028665107625,285
"1638",2021-10-13,4.92164626015942,286
"1639",2021-10-14,5.66761713565784,287
"1640",2021-10-15,8.25764244118528,288
"1641",2021-10-16,4.93144267015374,289
"1642",2021-10-17,3.85862313868126,290
"1643",2021-10-18,2.47881274644869,291
"1644",2021-10-19,2.16236420558537,292
"1645",2021-10-20,2.06953848702178,293
"1646",2021-10-21,2.06463730546281,294
"1647",2021-10-22,2.08454116181703,295
"1648",2021-10-23,2.47723424136183,296
"1649",2021-10-24,2.3367706077917,297
"1650",2021-10-25,1.81341321717398,298
"1651",2021-10-26,1.56111218908383,299
"1652",2021-10-27,1.83434991927948,300
"1653",2021-10-28,3.53195032580103,301
"1654",2021-10-29,4.04394083026778,302
"1655",2021-10-30,2.17986597145099,303
"1656",2021-10-31,1.88198909619647,304
"1657",2022-05-01,2.46285316608864,121
"1658",2022-05-02,3.19869209088143,122
"1659",2022-05-03,3.89119353678331,123
"1660",2022-05-04,3.07553264115081,124
"1661",2022-05-05,2.60650390347488,125
"1662",2022-05-06,2.44855497741311,126
"1663",2022-05-07,2.2629470192305,127
"1664",2022-05-08,2.23284715417644,128
"1665",2022-05-09,2.66284504119341,129
"1666",2022-05-10,3.23913757608717,130
"1667",2022-05-11,3.27568467202831,131
"1668",2022-05-12,2.5604179467431,132
"1669",2022-05-13,2.64911126482894,133
"1670",2022-05-14,2.63996763638467,134
"1671",2022-05-15,2.58077965020217,135
"1672",2022-05-16,2.48550357907363,136
"1673",2022-05-17,2.58550310141062,137
"1674",2022-05-18,2.3458505220326,138
"1675",2022-05-19,2.60264304897197,139
"1676",2022-05-20,3.29974603914508,140
"1677",2022-05-21,3.76431750993367,141
"1678",2022-05-22,4.03723789630581,142
"1679",2022-05-23,4.12032915483883,143
"1680",2022-05-24,6.60593313146415,144
"1681",2022-05-25,3.89636082588289,145
"1682",2022-05-26,3.11590257269685,146
"1683",2022-05-27,3.16975805325956,147
"1684",2022-05-28,4.01285521140175,148
"1685",2022-05-29,4.55237629473457,149
"1686",2022-05-30,4.43072858059456,150
"1687",2022-05-31,4.69448622060904,151
"1688",2022-06-01,5.39976744400905,152
"1689",2022-06-02,6.23574172142737,153
"1690",2022-06-03,6.79900780922612,154
"1691",2022-06-04,6.84515153000175,155
"1692",2022-06-05,5.53738189775613,156
"1693",2022-06-06,5.65347227108946,157
"1694",2022-06-07,6.99897944591018,158
"1695",2022-06-08,5.4826379074455,159
"1696",2022-06-09,4.64713692334143,160
"1697",2022-06-10,5.09857311998705,161
"1698",2022-06-11,5.54259349354206,162
"1699",2022-06-12,4.4844591112331,163
"1700",2022-06-13,7.92857283627957,164
"1701",2022-06-14,12.0351654706562,165
"1702",2022-06-15,5.8631735482975,166
"1703",2022-06-16,4.8686575321518,167
"1704",2022-06-17,5.46639898259498,168
"1705",2022-06-18,5.24217667540695,169
"1706",2022-06-19,4.41417008748633,170
"1707",2022-06-20,4.04646471769997,171
"1708",2022-06-21,5.66256859767561,172
"1709",2022-06-22,5.34233295085436,173
"1710",2022-06-23,4.31110896959363,174
"1711",2022-06-24,4.66484102444571,175
"1712",2022-06-25,4.84053527206519,176
"1713",2022-06-26,5.2660711390877,177
"1714",2022-06-27,5.39323776307654,178
"1715",2022-06-28,5.6226835180905,179
"1716",2022-06-29,5.94281344716642,180
"1717",2022-06-30,5.10365349073269,181
"1718",2022-07-01,4.2116532182257,182
"1719",2022-07-02,4.22924749926383,183
"1720",2022-07-03,4.74165523372893,184
"1721",2022-07-04,4.94354188969998,185
"1722",2022-07-05,5.15893865622822,186
"1723",2022-07-06,4.730914170278,187
"1724",2022-07-07,3.91723728662039,188
"1725",2022-07-08,3.60329553008413,189
"1726",2022-07-09,3.72186401234423,190
"1727",2022-07-10,3.48201260645217,191
"1728",2022-07-11,4.77987501175311,192
"1729",2022-07-12,6.549115986411,193
"1730",2022-07-13,3.77650776756289,194
"1731",2022-07-14,3.25264408744444,195
"1732",2022-07-15,3.0453161218754,196
"1733",2022-07-16,2.96112499018041,197
"1734",2022-07-17,3.44744293796029,198
"1735",2022-07-18,7.09718383813686,199
"1736",2022-07-19,5.2367097881805,200
"1737",2022-07-20,3.81741694128206,201
"1738",2022-07-21,5.1242664617004,202
"1739",2022-07-22,4.21130360082165,203
"1740",2022-07-23,6.1010476420628,204
"1741",2022-07-24,6.21375120611591,205
"1742",2022-07-25,8.36650256481383,206
"1743",2022-07-26,5.69272976831218,207
"1744",2022-07-27,4.91110865860435,208
"1745",2022-07-28,5.87813118339567,209
"1746",2022-07-30,5.96008995395744,211
"1747",2022-07-31,8.83668225040102,212
"1748",2022-08-01,10.1893948099251,213
"1749",2022-08-02,10.9986451192203,214
"1750",2022-08-03,11.1982915179185,215
"1751",2022-08-04,4.73526962485373,216
"1752",2022-08-05,4.02802407696342,217
"1753",2022-08-06,17.1979585203205,218
"1754",2022-08-07,23.3378281603688,219
"1755",2022-08-08,7.04593528880842,220
"1756",2022-08-09,4.53691187113633,221
"1757",2022-08-10,3.47864319371258,222
"1758",2022-08-11,3.3046669843503,223
"1759",2022-08-12,3.23966729551664,224
"1760",2022-08-13,3.16698801889603,225
"1761",2022-08-14,3.22392280798445,226
"1762",2022-08-15,9.49716601860446,227
"1763",2022-08-16,4.69663618743935,228
"1764",2022-08-17,11.3069970472279,229
"1765",2022-08-18,15.7029853016932,230
"1766",2022-08-19,4.60457787993342,231
"1767",2022-08-20,3.6183946456381,232
"1768",2022-08-21,3.19791293147863,233
"1769",2022-08-22,3.02878592655624,234
"1770",2022-08-23,2.92784037203873,235
"1771",2022-08-24,2.98492424611675,236
"1772",2022-08-25,3.02686108743324,237
"1773",2022-09-20,2.31317618145954,263
"1774",2022-09-21,2.28568411888885,264
"1775",2022-09-22,10.156826609025,265
"1776",2022-09-23,7.67408741778685,266
"1777",2022-09-24,12.6668682306873,267
"1778",2022-09-25,6.04882820958685,268
"1779",2022-09-26,10.7178568918356,269
"1780",2022-09-27,32.4784190489611,270
"1781",2022-09-28,5.67303811826363,271
"1782",2022-09-29,4.32491430277342,272
"1783",2022-09-30,16.6484055378715,273
"1784",2022-10-01,31.5582960906309,274
"1785",2022-10-02,8.07261610828519,275
"1786",2022-10-03,4.0755315122432,276
"1787",2022-10-04,3.08810169140683,277
"1788",2022-10-05,2.90440517812124,278
"1789",2022-10-06,4.05720438183382,279
"1790",2022-10-07,2.7879612816006,280
"1791",2022-10-08,2.79169054856175,281
"1792",2022-10-09,8.3851073398904,282
"1793",2022-10-10,7.5205053662057,283
"1794",2022-10-11,5.92981801267258,284
"1795",2022-10-12,4.66535275772176,285
"1796",2022-10-13,31.9686045478817,286
"1797",2022-10-14,16.2330514312591,287
"1798",2022-10-15,13.0586972775478,288
"1799",2022-10-16,6.98342222997258,289
"1800",2022-10-17,8.88506737884447,290
"1801",2022-10-18,6.25434583854175,291
"1802",2022-10-19,6.24518881497051,292
"1803",2022-10-20,7.37616199339713,293
"1804",2022-10-21,10.4022448004065,294
"1805",2022-10-22,5.09778782151831,295
"1806",2022-10-23,3.43415277411874,296
"1807",2022-10-24,2.77888264899987,297
"1808",2022-10-25,2.62772703425986,298
"1809",2022-10-26,3.22741585325374,299
"1810",2022-10-27,12.6910266700173,300
"1811",2022-10-28,9.17278847522758,301
"1812",2022-10-29,3.95433472891768,302
"1813",2022-10-30,4.5587030422629,303
"1814",2022-10-31,5.97120716659438,304
